Date,Open,High,Low,Close,Adj Close,Volume,Day
2019-03-21,22.219999,23.15,22,22.41,21.124134,43433700,0
2019-03-22,22.860001,23.24,22.01,22.120001,20.850773,12359200,1
2019-03-25,22.25,22.5,21.370001,21.77,20.520855,3832300,2
2019-03-26,22.040001,22.4,21.9,22.08,20.81307,2924000,3
2019-03-27,22.32,22.719999,22.190001,22.299999,21.020445,5228100,4
2019-03-28,22.5,22.700001,22.4,22.690001,21.388065,1763000,5
2019-03-29,22.799999,23.74,22.700001,23.549999,22.198721,2413900,6
2019-04-01,23.99,24.190001,22.6,22.709999,21.406918,2587100,7
2019-04-02,22.799999,23.08,22.43,23,21.680281,1225400,8
2019-04-03,23.129999,23.18,21.700001,21.780001,20.530279,2631100,9
2019-04-04,21.85,21.99,21.379999,21.690001,20.445448,1236300,10
2019-04-05,21.780001,21.950001,21.51,21.690001,20.445448,1570700,11
2019-04-08,21.690001,21.9,21.24,21.299999,20.077822,1607800,12
2019-04-09,21.4,22.02,21.26,21.879999,20.624542,3204100,13
2019-04-10,23.23,23.9,22.719999,22.75,21.444624,10398200,14
2019-04-11,23.01,23.209999,22.75,23.030001,21.708559,2183200,15
2019-04-12,23.07,23.219999,22.32,22.450001,21.16184,1689800,16
2019-04-15,22.809999,24.17,22.66,23.969999,22.59462,5351700,17
2019-04-16,24.226999,24.5,23.6,23.91,22.538065,2509100,18
2019-04-17,23.82,23.959999,23.440001,23.450001,22.104456,941700,19
2019-04-18,23.450001,24.34,23.33,23.790001,22.424952,2058600,20
2019-04-22,23.809999,23.91,22.77,22.82,21.510612,1735000,21
2019-04-23,22.9,22.969999,22.15,22.190001,20.916759,2226400,22
2019-04-24,22.27,22.6,21.84,22.4,21.114706,1342100,23
2019-04-25,22.4,22.504999,21.879999,22.33,21.048723,1104700,24
2019-04-26,22.4,22.93,22.059999,22.790001,21.48233,1159300,25
2019-04-29,23.040001,23.26,22.790001,23.190001,21.859377,835300,26
2019-04-30,23.370001,23.43,22.41,22.41,21.124134,1036000,27
2019-05-01,22.450001,22.65,22.18,22.629999,21.331509,1335100,28
2019-05-02,22.48,22.969999,22.33,22.92,21.604872,954600,29
2019-05-03,22.99,23.059999,22.379999,22.610001,21.312658,1211000,30
2019-05-06,22.299999,22.75,22.190001,22.690001,21.388065,682800,31
2019-05-07,22.440001,22.879999,22.42,22.83,21.520033,1209400,32
2019-05-08,22.610001,22.889999,22.57,22.6,21.303234,678000,33
2019-05-09,22.51,22.629999,22.309999,22.48,21.190117,598300,34
2019-05-10,22.299999,22.540001,22.23,22.379999,21.095852,727100,35
2019-05-13,22,22.120001,21.799999,21.98,20.718807,1053000,36
2019-05-14,22.209999,22.65,22,22.379999,21.095852,826100,37
2019-05-15,22.5,22.620001,22.040001,22.1,20.831921,534500,38
2019-05-16,22.16,22.35,21.959999,21.969999,20.709379,832900,39
2019-05-17,21.889999,22.34,21.799999,21.950001,20.690531,533800,40
2019-05-20,21.809999,22.07,21.74,22.02,20.756512,473600,41
2019-05-21,22,22.290001,21.889999,22.25,20.973314,371500,42
2019-05-22,22.059999,22.48,22.059999,22.4,21.114706,381800,43
2019-05-23,22.25,22.49,22.094,22.139999,20.869625,660100,44
2019-05-24,22.25,22.42,21.783001,22.059999,20.794216,1182800,45
2019-05-28,22,22.200001,21.754999,21.99,20.728235,668100,46
2019-05-29,21.790001,21.819,21,21.280001,20.058973,1541700,47
2019-05-30,21.110001,21.33,20.41,20.790001,19.59709,1893900,48
2019-05-31,20.540001,20.559999,18.92,19.42,18.3057,3355800,49
2019-06-03,19.43,20.790001,19.375,20.629999,19.446264,1185500,50
2019-06-04,20.84,22.08,20.809999,21.48,20.247498,2092900,51
2019-06-05,21.51,21.549999,20.700001,21.33,20.106102,784500,52
2019-06-06,21.209999,21.385,20.450001,20.82,19.625366,782200,53
2019-06-07,20.799999,21.09,20.4,20.969999,19.766758,714000,54
2019-06-10,21.190001,22.110001,21.190001,21.65,20.40774,577300,55
2019-06-11,21.76,21.879999,20.82,20.91,19.710203,485900,56
2019-06-12,20.950001,21.129999,20.5,20.629999,19.446264,736400,57
2019-06-13,20.73,21.540001,20.700001,21.18,19.964712,478500,58
2019-06-14,21.01,21.889999,21,21.49,20.256926,708000,59
2019-06-17,21.57,22.25,21.5,21.83,20.577414,1047400,60
2019-06-18,21.870001,22.139999,21.639999,21.76,20.511429,628900,61
2019-06-19,21.98,22.465,21.75,22.309999,21.029871,729900,62
2019-06-20,22.450001,22.469999,21.35,21.780001,20.530279,1181700,63
2019-06-21,21.77,21.940001,21.48,21.76,20.511429,2399300,64
2019-06-24,21.65,22.030001,20.9,21.059999,19.851595,788200,65
2019-06-25,21.129999,21.450001,20.75,20.75,19.559383,925800,66
2019-06-26,21.15,21.469999,20.450001,20.709999,19.521679,2299200,67
2019-06-27,20.68,21.18,20.68,21.07,19.861019,948600,68
2019-06-28,21.1,21.290001,20.700001,20.879999,19.681923,699100,69
2019-07-01,21,21.549999,20.775,21.25,20.030691,1229500,70
2019-07-02,21.280001,21.639999,21.02,21.360001,20.134382,963200,71
2019-07-03,21.42,22,21.200001,21.790001,20.539713,683600,72
2019-07-05,21.700001,22.5,21.57,22.27,20.992165,1060600,73
2019-07-08,22.459999,23.370001,22.299999,23.190001,21.859377,1860000,74
2019-07-09,23.09,23.74,22.540001,23.66,22.30241,4003700,75
2019-07-10,21.780001,21.969999,20.65,20.82,19.625366,17099700,76
2019-07-11,20.84,20.84,20.200001,20.25,19.088072,4510200,77
2019-07-12,20.290001,20.4,19.559999,20.120001,18.965536,3648000,78
2019-07-15,20,20.34,19.973,20.120001,18.965536,1201600,79
2019-07-16,20,20.120001,19.799999,19.799999,18.663893,968500,80
2019-07-17,19.200001,19.26,18.486,18.889999,17.806108,4894300,81
2019-07-18,18.790001,18.889999,18.16,18.4,17.344225,2226100,82
2019-07-19,18.389999,18.812,18.389999,18.75,17.674141,1051900,83
2019-07-22,18.83,18.9,18.26,18.43,17.372503,1105300,84
2019-07-23,18.299999,18.639999,18.299999,18.5,17.438488,708900,85
2019-07-24,18.629999,19.25,18.523001,19.24,18.136023,1127100,86
2019-07-25,19.299999,19.52,19.059999,19.32,18.211435,996700,87
2019-07-26,19.4,19.540001,19.299999,19.370001,18.258566,800400,88
2019-07-29,19.35,19.700001,18.969999,19.290001,18.183159,878900,89
2019-07-30,19.219999,19.290001,18.66,18.82,17.740124,1279700,90
2019-07-31,19.049999,19.145,18.59,19.059999,17.966352,1222400,91
2019-08-01,18.889999,19.209999,18.23,18.309999,17.259384,1712400,92
2019-08-02,18.629999,19.16,18.370001,18.879999,17.79668,1454200,93
2019-08-05,18.48,18.709999,18.120001,18.639999,17.570452,1241300,94
2019-08-06,18.6,18.73,18,18.51,17.44791,1038600,95
2019-08-07,18.219999,18.299999,17.74,17.93,16.901194,1488400,96
2019-08-08,17.98,18.08,17.514999,17.610001,16.599552,1213600,97
2019-08-09,17.5,17.620001,16.719999,17.33,16.335621,1442500,98
2019-08-12,17.139999,17.24,16.860001,17.110001,16.128241,853700,99
2019-08-13,17.040001,17.959999,16.870001,17.209999,16.222504,1414500,100
2019-08-14,16.77,16.77,16,16.25,15.317589,1530100,101
2019-08-15,16.790001,16.91,16.059999,16.120001,15.195048,1004100,102
2019-08-16,16.4,16.6,16.290001,16.299999,15.364718,942400,103
2019-08-19,16.639999,16.780001,16.07,16.309999,15.374146,1196800,104
2019-08-20,16.35,16.559999,16.190001,16.459999,15.515537,645000,105
2019-08-21,16.68,17.18,16.610001,16.98,16.005699,861500,106
2019-08-22,16.950001,17.219999,16.809999,17.200001,16.213079,450500,107
2019-08-23,17.040001,17.040001,16.48,16.66,15.704063,769000,108
2019-08-26,16.860001,17.32,16.690001,17.129999,16.147097,605000,109
2019-08-27,17.200001,17.349001,16.594999,16.709999,15.751193,715700,110
2019-08-28,16.639999,17.299999,16.639999,17.110001,16.128241,341900,111
2019-08-29,17.42,17.424999,17.15,17.35,16.354471,322000,112
2019-08-30,17.33,17.41,16.82,16.9,15.930292,416300,113
2019-09-03,16.67,16.98,16.570999,16.969999,15.996277,425000,114
2019-09-04,17.07,17.42,16.885,17.35,16.354471,574700,115
2019-09-05,17.559999,17.700001,17.4,17.58,16.571276,606300,116
2019-09-06,17.65,17.65,16.959999,17.08,16.099964,894900,117
2019-09-09,17.25,18.27,17.08,18.190001,17.146271,1913200,118
2019-09-10,18.1,18.549999,17.85,18.530001,17.466764,1428000,119
2019-09-11,18.469999,19.07,18.030001,19.01,17.919222,1432400,120
2019-09-12,18.85,19.09,18.51,18.57,17.504467,898900,121
2019-09-13,18.620001,18.889999,17.93,18,16.967175,664400,122
2019-09-16,18,18.23,17.77,17.91,16.882338,666300,123
2019-09-17,18.43,18.540001,17.945,18.26,17.212255,1297200,124
2019-09-18,18.24,18.445,18.049999,18.299999,17.24996,808600,125
2019-09-19,18.35,18.51,18.15,18.49,17.429062,295400,126
2019-09-20,18.469999,18.690001,18.25,18.25,17.202829,965800,127
2019-09-23,18.1,18.466999,18.1,18.35,17.297094,670900,128
2019-09-24,18.41,18.530001,17.82,18.190001,17.146271,353500,129
2019-09-25,18.41,18.950001,18.27,18.91,17.824961,673200,130
2019-09-26,18.889999,19.139999,18.75,19.08,17.985207,678800,131
2019-09-27,18.93,19.25,18.780001,19.209999,18.107748,611700,132
2019-09-30,19.139999,19.209999,18.860001,19.040001,17.947504,457900,133
2019-10-01,19.01,19.25,18.76,19.01,17.919222,515000,134
2019-10-02,19.01,19.389999,18.66,19.290001,18.183159,955400,135
2019-10-03,19.059999,19.74,18.6,19.450001,18.477659,1149500,136
2019-10-04,19.41,19.462,18.93,19.290001,18.325659,623700,137
2019-10-07,19.35,19.799999,19.299999,19.77,18.78166,1162100,138
2019-10-08,19.67,19.825001,18.75,18.959999,18.012152,3763300,139
2019-10-09,19.02,19.110001,17.26,17.540001,16.663143,6143500,140
2019-10-10,17.549999,17.940001,17.309999,17.549999,16.672642,2002300,141
2019-10-11,17.57,17.98,17.389999,17.41,16.539642,1806400,142
2019-10-14,17.370001,17.504999,16.799999,17.120001,16.264141,1556100,143
2019-10-15,17.18,17.65,17.07,17.379999,16.511143,1400100,144
2019-10-16,17.32,17.65,17.309999,17.629999,16.748642,755100,145
2019-10-17,17.700001,17.799999,17.02,17.049999,16.197636,1061900,146
2019-10-18,16.85,17.219999,16.85,17.110001,16.254641,1033900,147
2019-10-21,17.25,17.334999,17,17.02,16.169138,1089900,148
2019-10-22,17.23,17.690001,17,17.58,16.701141,1519700,149
2019-10-23,17.67,17.67,17.360001,17.459999,16.587139,539400,150
2019-10-24,17.52,17.52,16.91,16.98,16.131138,944700,151
2019-10-25,17.09,17.375,16.879999,17.120001,16.264141,873000,152
2019-10-28,17.139999,17.311001,16.969999,17.17,16.31164,822100,153
2019-10-29,17.07,17.360001,17.02,17.32,16.454142,809200,154
2019-10-30,17.459999,17.83,17.24,17.799999,16.910143,1211800,155
2019-10-31,17.719999,17.85,17.34,17.82,16.929142,813600,156
2019-11-01,17.84,17.968,17.719999,17.82,16.929142,1109100,157
2019-11-04,17.92,17.940001,17.07,17.120001,16.264141,953100,158
2019-11-05,17.15,17.77,17.15,17.35,16.482639,843200,159
2019-11-06,17.309999,17.309999,17.1,17.15,16.292641,870300,160
2019-11-07,17.17,17.700001,17.15,17.51,16.634642,1061200,161
2019-11-08,17.450001,17.48,16.959999,17.129999,16.273638,1061400,162
2019-11-11,17.110001,17.219999,17,17.049999,16.197636,469400,163
2019-11-12,17.110001,17.24,16.92,17,16.150139,769600,164
2019-11-13,17.040001,17.040001,16.871,16.950001,16.102638,602400,165
2019-11-14,16.959999,17.08,16.860001,17.01,16.159636,659600,166
2019-11-15,17,17.379999,16.950001,17.18,16.321142,496300,167
2019-11-18,17.200001,17.25,16.922001,17.059999,16.207138,713500,168
2019-11-19,17.02,17.139999,16.83,17.01,16.159636,779000,169
2019-11-20,16.99,17,16.32,16.370001,15.551636,1611700,170
2019-11-21,16.48,16.780001,16.43,16.57,15.741635,1051100,171
2019-11-22,16.610001,17.01,16.52,16.99,16.140636,1056100,172
2019-11-25,17.059999,17.15,16.91,17.049999,16.197636,941100,173
2019-11-26,17.059999,17.15,16.780001,16.85,16.007639,1163600,174
2019-11-27,16.98,17.030001,16.882,16.98,16.131138,662700,175
2019-11-29,17.02,17.02,16.76,16.780001,15.941138,372700,176
2019-12-02,16.77,16.84,16.610001,16.639999,15.808134,567600,177
2019-12-03,16.549999,17,16.379999,16.889999,16.045635,1338900,178
2019-12-04,16.84,17.1,16.84,16.99,16.140636,647400,179
2019-12-05,17.030001,17.360001,17.01,17.190001,16.330639,862400,180
2019-12-06,17.33,17.57,17.200001,17.43,16.558643,544400,181
2019-12-09,17.309999,17.450001,17.030001,17.41,16.539642,1325200,182
2019-12-10,17.4,17.98,17.312,17.969999,17.071646,829500,183
2019-12-11,17.940001,18.040001,17.801001,18.02,17.119146,835000,184
2019-12-12,18.049999,18.42,17.969999,18.41,17.489649,1416900,185
2019-12-13,18.84,19.25,18.280001,18.959999,18.012152,2416200,186
2019-12-16,19.15,19.18,18.41,18.780001,17.841154,1094300,187
2019-12-17,18.809999,19.4,18.68,19.280001,18.316156,1761500,188
2019-12-18,19.280001,19.950001,19.219999,19.85,18.857662,1325400,189
2019-12-19,19.620001,19.75,19.35,19.530001,18.553659,844700,190
2019-12-20,19.84,20.01,19.57,19.91,18.914663,2007400,191
2019-12-23,19.99,20,19.32,19.52,18.544159,1002500,192
2019-12-24,19.42,19.74,19.360001,19.629999,18.648659,223300,193
2019-12-26,19.700001,19.813999,19.450001,19.66,18.67716,360000,194
2019-12-27,19.709999,19.73,19.190001,19.25,18.287655,601200,195
2019-12-30,19.23,19.379999,18.98,19.030001,18.078655,648700,196
2019-12-31,18.950001,19.42,18.9,19.290001,18.325659,560400,197
2020-01-02,19.33,19.379999,18.969999,19.120001,18.164156,557600,198
2020-01-03,19,19.190001,18.879999,19.190001,18.230656,356600,199
2020-01-06,18.9,19.23,18.870001,19.07,18.116653,590900,200
2020-01-07,19.1,19.434999,19.054001,19.25,18.287655,722900,201
2020-01-08,19.209999,19.459999,18.98,19.120001,18.164156,457200,202
2020-01-09,19.18,19.190001,18.610001,18.709999,17.774649,1068600,203
2020-01-10,18.629999,18.719999,18.280001,18.65,17.717651,966200,204
2020-01-13,18.68,18.93,18.559999,18.85,17.907656,654000,205
2020-01-14,18.860001,19.129999,18.610001,18.99,18.040653,884800,206
2020-01-15,18.940001,19.1,18.82,19.07,18.116653,516800,207
2020-01-16,19.139999,19.719999,19,19.690001,18.705664,2280100,208
2020-01-17,19.690001,19.98,19.209999,19.98,18.981159,1201000,209
2020-01-21,19.860001,20.040001,19.58,20,19.00016,1363900,210
2020-01-22,19.879999,20.01,19.450001,19.889999,18.89566,827300,211
2020-01-23,19.74,20.17,19.504,19.950001,18.952662,1351800,212
2020-01-24,20.110001,20.16,19.9,20.139999,19.133162,1155000,213
2020-01-27,19.93,20.299999,19.700001,20.25,19.237665,1155700,214
2020-01-28,20.299999,20.389999,19.41,19.700001,18.71516,2121600,215
2020-01-29,19.76,20,19.5,19.799999,18.810162,940600,216
2020-01-30,19.790001,19.98,19.43,19.75,18.762663,2295100,217
2020-01-31,19.66,20,18.879999,19.639999,18.658159,2802700,218
2020-02-03,18.610001,19.639999,18.139999,19.16,18.202156,2664100,219
2020-02-04,19.049999,19.75,18.879999,19.299999,18.335157,1924700,220
2020-02-05,19.25,20.18,19.25,19.9,18.905159,1559000,221
2020-02-06,19.969999,20.09,19.76,19.790001,18.800661,1210900,222
2020-02-07,19.75,19.860001,19.1,19.35,18.38266,1760000,223
2020-02-10,19.41,20.045,19.41,19.959999,18.962164,934800,224
2020-02-11,20,20.27,19.940001,19.969999,19.048006,1020200,225
2020-02-12,20.129999,20.6,20.129999,20.4,19.458153,1266500,226
2020-02-13,20.389999,20.705,20.18,20.48,19.534462,1074100,227
2020-02-14,20.549999,20.620001,20.110001,20.219999,19.286465,821300,228
2020-02-18,20.1,20.32,19.719999,19.83,18.914471,1153800,229
2020-02-19,19.9,20.09,19.26,19.379999,18.485245,1259000,230
2020-02-20,19.33,20,19.33,20,19.076622,877300,231
2020-02-21,20,20,19.639999,19.719999,18.809549,750700,232
2020-02-24,19.33,19.6,19.08,19.120001,18.237251,1434800,233
2020-02-25,19.34,19.4,18.450001,18.790001,17.922489,1264000,234
2020-02-26,18.799999,18.959999,17.76,17.780001,16.959116,1212400,235
2020-02-27,17.32,18.08,17.02,17.530001,16.720659,985000,236
2020-02-28,17.110001,17.290001,16.67,16.99,16.205589,1511800,237
2020-03-02,17.030001,17.93,16.879999,17.870001,17.044964,1592500,238
2020-03-03,17.889999,18.540001,17.889999,18.459999,17.607719,987500,239
2020-03-04,18.559999,18.75,18.200001,18.74,17.874792,693200,240
2020-03-05,18.379999,18.400999,17.700001,17.889999,17.064035,1043600,241
2020-03-06,17.48,17.67,17.059,17.219999,16.424967,998100,242
2020-03-09,16.33,16.85,16.15,16.459999,15.700059,1656600,243
2020-03-10,16.889999,17.15,16.209999,16.66,15.890826,914000,244
2020-03-11,16.34,16.440001,15.44,15.51,14.79392,1231100,245
2020-03-12,14.73,14.73,12.95,13.17,12.561954,1775000,246
2020-03-13,13.81,14.46,13.43,14.42,13.754245,1150900,247
2020-03-16,12.56,14.84,12.55,14.15,13.49671,2569300,248
2020-03-17,14.23,14.83,13.75,13.88,13.239176,2341200,249
2020-03-18,12.99,13.48,12.15,12.39,11.817969,1763300,250
2020-03-19,12.1,13.1,11.51,12.36,11.789352,1483200,251
2020-03-20,12.29,12.41,11.4,11.46,10.930905,1415000,252
2020-03-23,11.46,11.52,10.14,10.37,9.891229,946300,253
2020-03-24,10.98,12.56,10.9,12.52,11.941966,1318700,254
2020-03-25,12.73,13.86,12.353,13.14,12.53334,1276700,255
2020-03-26,13.3,14.675,13,14.37,13.706553,1123600,256
2020-03-27,13.64,13.78,12.28,12.76,12.170884,1945700,257
2020-03-30,12.55,13.12,12.53,13.02,12.41888,1681200,258
2020-03-31,12.93,13.25,12.25,12.43,11.856119,1350400,259
2020-04-01,12.01,12.1,10.53,10.65,10.1583,2728700,260
2020-04-02,11.08,11.18,10,10.07,9.605079,1565600,261
2020-04-03,10.05,10.17,9.09,9.51,9.070933,2443400,262
2020-04-06,10.14,11.19,10.08,10.94,10.434912,2470700,263
2020-04-07,12.05,12.57,11.35,12.01,11.455511,3565000,264
2020-04-08,12.75,13.91,12.12,13.13,12.523802,3612700,265
2020-04-09,13.5,14.56,13.25,13.78,13.143791,2899600,266
2020-04-13,13.71,13.99,12.926,13.83,13.191484,2377500,267
2020-04-14,14.33,14.73,13.61,13.92,13.277328,2208300,268
2020-04-15,13.16,13.55,12.89,13,12.399802,3468600,269
2020-04-16,13.05,13.42,12.465,12.68,12.09458,1581400,270
2020-04-17,13.4,14.06,13.36,13.5,12.876719,2620100,271
2020-04-20,13.11,13.45,12.7,12.86,12.266266,1254400,272
2020-04-21,12.5,12.76,12.21,12.32,11.751198,1165300,273
2020-04-22,13.05,13.05,12.44,12.59,12.008735,1442200,274
2020-04-23,12.51,12.73,12.24,12.36,11.864744,1230300,275
2020-04-24,12.33,12.87,12.22,12.6,12.095128,1449300,276
2020-04-27,12.75,13.28,12.6,13.11,12.584692,1921400,277
2020-04-28,13.56,13.59,12.83,13.15,12.623089,1935200,278
2020-04-29,13.65,13.68,13.15,13.36,12.824674,2199500,279
2020-04-30,13.22,13.305,12.6,12.89,12.373507,1590300,280
2020-05-01,12.55,12.685,12.15,12.54,12.03753,1165900,281
2020-05-04,12.29,12.63,11.96,12.34,11.845544,1138900,282
2020-05-05,12.58,12.795,11.96,12.04,11.557567,1395100,283
2020-05-06,12.1,12.255,11.59,11.8,11.327183,1252400,284
2020-05-07,11.9,12.28,11.77,11.82,11.34638,993300,285
2020-05-08,12.09,12.87,12.02,12.84,12.325511,1662500,286
2020-05-11,12.6,12.6,12.047,12.4,11.903141,1198500,287
2020-05-12,12.41,12.76,12.41,12.6,12.095128,1434200,288
2020-05-13,12.5,12.505,11.63,11.85,11.375179,1059500,289
2020-05-14,11.5,12.29,11.13,12.2,11.711155,1119800,290
2020-05-15,11.93,12.31,11.79,12.09,11.605564,1347900,291
2020-05-18,12.71,13.2,12.66,13.07,12.546295,1310700,292
2020-05-19,13.09,13.1,12.39,12.43,11.931938,731200,293
2020-05-20,12.8,12.81,12.37,12.43,11.931938,644100,294
2020-05-21,12.37,13.13,12.26,13.06,12.536695,1016800,295
2020-05-22,13.05,13.19,12.71,12.92,12.402305,856400,296
2020-05-26,13.5,14.4,13.5,14.16,13.592619,2787500,297
2020-05-27,14.7,14.786,13.94,14.58,13.99579,1610000,298
2020-05-28,14.59,14.6,13.605,13.63,13.083857,869800,299
2020-05-29,13.36,13.61,13.12,13.49,12.949467,1176700,300
2020-06-01,13.45,14.01,13.36,13.81,13.256645,1011900,301
2020-06-02,14.05,14.45,13.9,14.28,13.70781,1043300,302
2020-06-03,14.59,15.79,14.48,15.34,14.725337,2183100,303
2020-06-04,15.05,15.54,14.78,15.44,14.82133,1926600,304
2020-06-05,16.299999,16.969999,15.91,16.07,15.426086,2230100,305
2020-06-08,16.52,16.549999,15.58,15.81,15.176505,2017100,306
2020-06-09,15.33,15.605,15.13,15.44,14.82133,1343100,307
2020-06-10,15.27,15.37,14.57,14.63,14.043788,1457000,308
2020-06-11,13.73,14,13.324,13.66,13.112654,1444800,309
2020-06-12,14.13,14.21,13.245,13.79,13.237445,1445800,310
2020-06-15,13.21,14.19,13.11,14.14,13.573421,1177400,311
2020-06-16,14.93,15.08,14.02,14.42,13.842202,946700,312
2020-06-17,14.56,14.69,14.08,14.18,13.611817,1342000,313
2020-06-18,13.95,14.18,13.7,13.78,13.227844,1289300,314
2020-06-19,14,14.15,13.22,13.39,12.853473,1708700,315
2020-06-22,13.39,13.64,13.2,13.45,12.911069,1156100,316
2020-06-23,13.7,14.03,13.3,13.5,12.959064,1600200,317
2020-06-24,13.42,13.48,12.87,13,12.479099,1966800,318
2020-06-25,12.83,13.15,12.59,12.93,12.411905,1253600,319
2020-06-26,12.8,12.83,12.165,12.25,11.759153,1466100,320
2020-06-29,12.4,13.26,12.25,13.24,12.709482,1177600,321
2020-06-30,13.04,13.41,12.85,13.4,12.86307,1351700,322
2020-07-01,13.38,13.75,13.28,13.7,13.151051,1560000,323
2020-07-02,13.95,14.095,13.24,13.35,12.815076,1467100,324
2020-07-06,13.74,14.41,13.54,14.41,13.832602,3386900,325
2020-07-07,14.16,14.248,13.645,13.83,13.275841,4581700,326
2020-07-08,13.19,13.32,12.445,12.68,12.171924,10737100,327
2020-07-09,12.78,13.06,12.36,12.43,11.931938,4283200,328
2020-07-10,12.43,12.76,12.3,12.6,12.095128,2312700,329
2020-07-13,12.74,12.84,12.28,12.39,11.893543,2173700,330
2020-07-14,12.3,12.71,12.21,12.3,11.807147,1530700,331
2020-07-15,12.53,12.83,12.365,12.63,12.123925,2677800,332
2020-07-16,12.5,12.68,12.38,12.45,11.951138,1484600,333
2020-07-17,12.51,12.51,12.25,12.36,11.864744,1346300,334
2020-07-20,12.3,12.34,11.82,12,11.519168,2440300,335
2020-07-21,12.08,12.33,12.05,12.15,11.663157,1661100,336
2020-07-22,12.06,12.1,11.91,12.04,11.557567,1536400,337
2020-07-23,12.12,12.5,12.02,12.19,11.701555,2254300,338
2020-07-24,12.45,12.46,12.17,12.33,11.835945,1945500,339
2020-07-27,12.22,12.28,12.03,12.18,11.691957,1247800,340
2020-07-28,12.18,12.57,12.12,12.57,12.06633,1376900,341
2020-07-29,12.57,12.625,12.3,12.32,11.826347,1832900,342
2020-07-30,12.24,12.57,12.09,12.25,11.759153,1083400,343
2020-07-31,12.19,12.35,12.05,12.16,11.672758,1065500,344
2020-08-03,12.18,12.235,11.93,12.08,11.595963,1417300,345
2020-08-04,12.07,12.19,11.98,12.16,11.672758,987200,346
2020-08-05,12.19,12.56,12.19,12.4,11.903141,1206200,347
2020-08-06,12.29,12.32,12.05,12.07,11.586364,1235700,348
2020-08-07,12.08,12.5,12.01,12.5,11.999134,939700,349
2020-08-10,12.5,12.94,12.49,12.91,12.392706,1255300,350
2020-08-11,13.15,13.44,12.89,12.91,12.392706,1296900,351
2020-08-12,13.02,13.09,12.57,12.87,12.354309,1335100,352
2020-08-13,12.76,12.87,12.598,12.78,12.267914,1020500,353
2020-08-14,12.7,13,12.58,12.76,12.248715,893400,354
2020-08-17,12.75,12.84,12.32,12.8,12.287114,1336000,355
2020-08-18,12.72,12.72,12.21,12.21,11.720755,1284900,356
2020-08-19,12.31,12.43,12.15,12.28,11.78795,924400,357
2020-08-20,12.2,12.33,12.05,12.29,11.797549,883000,358
2020-08-21,12.31,12.44,12.16,12.24,11.749551,784600,359
2020-08-24,12.24,12.735,12.24,12.7,12.191119,1140400,360
2020-08-25,12.79,12.88,12.6,12.67,12.162323,812200,361
2020-08-26,12.6,12.76,12.4,12.43,11.931938,700000,362
2020-08-27,12.54,12.76,12.46,12.69,12.18152,921200,363
2020-08-28,12.8,12.9,12.474,12.89,12.373507,632400,364
2020-08-31,12.85,12.86,12.3,12.32,11.826347,2056800,365
2020-09-01,12.3,12.565,12.09,12.41,11.91274,1474900,366
2020-09-02,12.52,12.87,12.51,12.75,12.239118,961600,367
2020-09-03,12.75,13,12.43,12.55,12.047131,846700,368
2020-09-04,12.64,12.72,12.21,12.42,11.922339,808200,369
2020-09-08,12.3,12.985,12.26,12.77,12.258315,1421100,370
2020-09-09,12.77,13.085,12.51,12.83,12.315911,1132100,371
2020-09-10,12.82,13.395,12.82,13.22,12.690284,1692000,372
2020-09-11,13.32,13.6,13.23,13.27,12.73828,1394600,373
2020-09-14,13.36,13.8,13.27,13.69,13.141453,1312700,374
2020-09-15,13.77,13.833,13.43,13.47,12.930266,1133400,375
2020-09-16,13.47,13.691,13.305,13.49,12.949467,1012500,376
2020-09-17,13.33,13.47,13.14,13.2,12.671083,797900,377
2020-09-18,13.07,13.15,12.5,12.52,12.018333,2014700,378
2020-09-21,12.26,12.29,11.995,12,11.519168,1963900,379
2020-09-22,12.15,12.52,11.91,12.36,11.864744,1882000,380
2020-09-23,12.54,13.195,12.5,12.82,12.306312,1892900,381
2020-09-24,12.71,13.02,12.32,12.87,12.354309,1530500,382
2020-09-25,12.59,12.94,12.56,12.92,12.402305,1196900,383
2020-09-28,13,13.61,13,13.59,13.045458,1536100,384
2020-09-29,13.52,13.55,13.14,13.31,12.776679,1492300,385
2020-09-30,13.32,13.63,13.315,13.4,12.86307,1096400,386
2020-10-01,13.64,14.087,13.52,13.94,13.381433,1884600,387
2020-10-02,13.56,14.25,13.51,14.15,13.58302,2779500,388
2020-10-05,14.36,15.1,14.36,15.01,14.408563,3059400,389
2020-10-06,15,15.27,14.605,14.74,14.149378,7746400,390
2020-10-07,16.809999,16.85,15.3,15.49,14.869328,17491800,391
2020-10-08,15.53,15.8,15.05,15.56,14.936522,4228300,392
2020-10-09,15.63,15.69,15.03,15.21,14.600548,3444100,393
2020-10-12,15.81,16.440001,15.65,15.8,15.166905,6759300,394
2020-10-13,15.7,15.755,15.27,15.64,15.013317,2520900,395
2020-10-14,15.64,15.9,15.445,15.51,14.888526,1522000,396
2020-10-15,15.25,16.049999,15.17,16.02,15.378091,1701300,397
2020-10-16,16.09,16.1,15.72,15.72,15.090111,1226500,398
2020-10-19,15.74,16.120001,15.72,15.88,15.243699,2010100,399
2020-10-20,15.98,16.57,15.9,16.360001,15.704467,2311500,400
2020-10-21,16.23,16.355,16.030001,16.290001,15.637272,1299900,401
2020-10-22,16.290001,16.6,16.209999,16.549999,15.886851,1485600,402
2020-10-23,16.629999,16.975,16.389999,16.82,16.146032,1570800,403
2020-10-26,16.530001,16.6,16.15,16.27,15.618074,1527300,404
2020-10-27,16.379999,16.68,16.209999,16.52,15.858058,1068100,405
2020-10-28,16.18,16.243999,15.62,15.85,15.214903,1824500,406
2020-10-29,15.85,16.290001,15.75,16.209999,15.560476,1362000,407
2020-10-30,16.17,16.27,15.54,15.78,15.147708,1570000,408
2020-11-02,15.99,16.225,15.79,15.83,15.195704,1545300,409
2020-11-03,16.08,16.17,15.8,16.07,15.426086,1264300,410
2020-11-04,15.85,15.86,15.38,15.64,15.013317,1419700,411
2020-11-05,15.84,16.15,15.73,16.139999,15.49328,1063000,412
2020-11-06,16.049999,16.15,15.53,15.56,14.936522,1288400,413
2020-11-09,16.34,16.9,16,16.5,15.838858,2476400,414
2020-11-10,16.950001,17.549999,16.9,17.32,16.626001,3945000,415
2020-11-11,17.370001,17.405001,16.719999,16.85,16.174833,2198300,416
2020-11-12,16.65,16.75,16.219999,16.459999,15.800459,1355500,417
2020-11-13,16.620001,17.26,16.620001,17.139999,16.453211,1288700,418
2020-11-16,17.559999,17.799999,17.299999,17.700001,16.990772,1680500,419
2020-11-17,17.58,18.23,17.530001,18.23,17.499537,1943900,420
2020-11-18,18.370001,18.92,18.32,18.719999,17.969902,2297800,421
2020-11-19,18.459999,18.99,18.01,18.92,18.16189,1869900,422
2020-11-20,18.860001,18.879999,18.59,18.77,18.0179,788800,423
2020-11-23,18.82,19.094999,18.67,19.01,18.248287,1374100,424
2020-11-24,19.440001,19.690001,19.049999,19.5,18.718651,2501400,425
2020-11-25,19.35,19.549999,19.1,19.49,18.709049,1607900,426
2020-11-27,19.58,19.75,19,19.16,18.392273,1075400,427
2020-11-30,19.190001,19.205,18.32,18.389999,17.653128,2365900,428
2020-12-01,18.709999,19.02,18.35,18.780001,18.0275,1265100,429
2020-12-02,18.700001,18.889999,18.459999,18.870001,18.113895,684900,430
2020-12-03,18.969999,19.43,18.799999,19.4,18.622656,1699300,431
2020-12-04,19.52,19.93,19.43,19.83,19.035425,1414500,432
2020-12-07,19.629999,19.629999,19.299999,19.42,18.641859,1532800,433
2020-12-08,19.280001,19.91,19.280001,19.790001,18.997032,787900,434
2020-12-09,19.76,20.370001,19.65,20.25,19.438595,1982000,435
2020-12-10,20.76,21.24,20.25,20.780001,19.947363,3560400,436
2020-12-11,20.450001,20.68,20.295,20.49,19.66898,1565400,437
2020-12-14,20.76,20.83,20.264999,20.33,19.51539,1250600,438
2020-12-15,20.559999,20.82,20.379999,20.82,19.985758,1153000,439
2020-12-16,20.84,21.42,20.700001,21.35,20.494522,1397500,440
2020-12-17,21.360001,21.549999,21.049999,21.469999,20.609711,1264700,441
2020-12-18,21.370001,21.83,21.254999,21.549999,20.686506,1660200,442
2020-12-21,21.1,21.665001,21.01,21.530001,20.667309,1091600,443
2020-12-22,21.690001,21.700001,21.049999,21.120001,20.273739,803200,444
2020-12-23,21.02,21.299999,21.01,21.129999,20.283335,1015900,445
2020-12-24,21.1,21.120001,20.549999,20.610001,19.784172,405000,446
2020-12-28,20.690001,20.940001,20.315001,20.33,19.51539,926700,447
2020-12-29,20.120001,20.299999,19.540001,19.82,19.025827,1173800,448
2020-12-30,20,20.610001,19.959999,20.42,19.601784,1561500,449
2020-12-31,20.459999,20.49,20.030001,20.08,19.275412,555900,450
2021-01-04,20.15,20.280001,19.409,19.65,18.862642,1627000,451
2021-01-05,19.620001,20.129999,19.620001,19.969999,19.169817,911100,452
2021-01-06,20.34,21.08,20.18,20.559999,19.736177,1603300,453
2021-01-07,20.870001,20.92,20.190001,20.32,19.505795,1373800,454
2021-01-08,20.32,20.709999,20.309999,20.5,19.678581,979600,455
2021-01-11,20.52,21.33,20.309999,21.32,20.465725,1622300,456
2021-01-12,21.26,22.639999,21.26,22.49,21.588842,2402600,457
2021-01-13,22.299999,22.33,21.4,21.57,20.705706,1502400,458
2021-01-14,21.76,22.01,21.6,21.65,20.782499,1337700,459
2021-01-15,21.639999,21.639999,20.940001,21.34,20.484924,922000,460
2021-01-19,21.35,21.5,20.82,21.129999,20.283335,1042000,461
2021-01-20,21.01,21.41,21.01,21.129999,20.283335,705300,462
2021-01-21,21.15,21.450001,20.82,20.85,20.014553,911600,463
2021-01-22,20.709999,21.139999,20.33,20.799999,19.966558,900200,464
2021-01-25,20.799999,21.5,20.639999,21.24,20.388931,1369600,465
2021-01-26,21.6,22.16,20.799999,21.35,20.494522,1893600,466
2021-01-27,21,22.200001,20.76,22,21.118479,2652700,467
2021-01-28,20.91,21.5,20.02,20.74,19.908964,4138000,468
2021-01-29,20.299999,20.530001,19.57,19.709999,18.920235,1959600,469
2021-02-01,19.76,19.93,19.32,19.68,18.891436,1244600,470
2021-02-02,19.73,19.988001,19.25,19.74,18.949032,1475100,471
2021-02-03,19.940001,20.24,19.700001,19.74,18.949032,1160500,472
2021-02-04,19.99,20.35,19.85,20.120001,19.31381,1231700,473
2021-02-05,20.35,20.48,19.85,19.99,19.189014,1614400,474
2021-02-08,19.969999,20.129999,19.450001,19.450001,18.670654,1454200,475
2021-02-09,19.49,20.57,19.440001,20.49,19.709513,2013000,476
2021-02-10,20.5,21.1,20.462,21.030001,20.228949,1559200,477
2021-02-11,21.030001,21.389999,20.82,20.92,20.123137,1077000,478
2021-02-12,20.700001,21.059999,20.485001,20.91,20.113516,740800,479
2021-02-16,20.99,21.895,20.940001,21.860001,21.027328,1986400,480
2021-02-17,21.709999,22.18,21.49,21.969999,21.133137,1918100,481
2021-02-18,21.82,21.950001,21.450001,21.889999,21.056185,774000,482
2021-02-19,21.98,23.459999,21.934999,23.049999,22.172001,2027300,483
2021-02-22,22.870001,24.01,22.75,23.57,22.672194,1076800,484
2021-02-23,23.469999,23.49,22.219999,23.07,22.19124,805100,485
2021-02-24,23.040001,23.49,22.93,23.290001,22.402863,653200,486
2021-02-25,23.129999,23.862,22.997999,23.309999,22.422096,748400,487
2021-02-26,23.290001,23.49,22.68,23.26,22.374004,947600,488
2021-03-01,23.450001,24.049999,23.34,23.58,22.681814,1721100,489
2021-03-02,23.5,23.950001,23.450001,23.9,22.989624,733800,490
2021-03-03,24,24.25,23.76,24.120001,23.201244,1773300,491
2021-03-04,23.9,24.190001,23.379999,23.91,22.999243,1471700,492
2021-03-05,24.059999,24.17,23.66,24.07,23.153149,3015900,493
2021-03-08,24.620001,24.93,24.360001,24.780001,23.836107,1686300,494
2021-03-09,24.6,25.1,24.32,24.790001,23.845726,1266400,495
2021-03-10,24.77,24.85,24.190001,24.629999,23.691814,1083500,496
2021-03-11,24.709999,24.84,23.959999,24.48,23.547527,1548900,497
2021-03-12,24.51,25.25,24.5,25.139999,24.182392,1248700,498
2021-03-15,25.16,25.780001,25.139999,25.709999,24.730682,1492600,499
2021-03-16,25.48,25.48,24.75,25,24.047724,1414300,500
2021-03-17,24.92,25.110001,24.58,25.07,24.115057,1359700,501
2021-03-18,25.24,25.290001,24.82,24.99,24.038105,1772900,502
2021-03-19,24.84,25.219999,24.66,25.01,24.057341,2112000,503
2021-03-22,24.879999,25.17,24.16,24.82,23.874578,1318800,504
2021-03-23,24.58,24.690001,22.940001,23.030001,22.152763,1438800,505
2021-03-24,23.27,23.610001,23,23.040001,22.162384,1078900,506
2021-03-25,22.719999,24.01,22.58,23.870001,22.96077,700900,507
2021-03-26,24.110001,24.360001,23.4,23.91,22.999243,462700,508
2021-03-29,24.059999,24.16,23.290001,23.629999,22.729908,848500,509
2021-03-30,23.620001,23.93,23.49,23.82,22.912672,780700,510
2021-03-31,23.73,24.08,23.73,23.91,22.999243,426100,511
2021-04-01,24.190001,24.27,23.65,23.690001,22.787624,567300,512
2021-04-05,24.1,24.285,23.68,24.219999,23.297436,621700,513
2021-04-06,24.17,24.549999,23.959999,24.120001,23.201244,1249300,514
2021-04-07,24.48,24.780001,24.309999,24.459999,23.528292,1122600,515
2021-04-08,24.6,25.24,24.02,25.02,24.066963,4188000,516
2021-04-09,26.889999,27.299999,25.379999,25.67,24.692204,10136000,517
2021-04-12,25.68,26.52,25.620001,26.469999,25.461731,2677300,518
2021-04-13,26.540001,26.84,25.9,26.74,25.721445,2359700,519
2021-04-14,26.700001,27.700001,26.65,27.23,26.192783,2212600,520
2021-04-15,27.33,27.73,26.870001,27.58,26.529449,1931100,521
2021-04-16,27.74,29.16,27.700001,29.030001,27.924217,2201100,522
2021-04-19,29.049999,29.280001,28.139999,28.27,27.193163,1730900,523
2021-04-20,28.33,28.93,27.93,28.91,27.808784,1784400,524
2021-04-21,29,29.299999,28.68,29.07,27.962692,2205600,525
2021-04-22,29.469999,29.469999,28.76,28.92,27.818405,1224000,526
2021-04-23,29.110001,29.780001,28.91,29.559999,28.434027,1659600,527
2021-04-26,29.299999,29.735001,28.629999,28.950001,27.847261,1513300,528
2021-04-27,29.5,30.049999,29,29.77,28.63603,1296600,529
2021-04-28,29.639999,29.99,29.25,29.469999,28.347456,1797100,530
2021-04-29,29.75,29.780001,29.030001,29.09,27.981932,1085400,531
2021-04-30,29,29.379999,28.6,28.860001,27.760693,1003500,532
2021-05-03,29.07,30.48,28.934999,30.48,29.318985,5125000,533
2021-05-04,30.4,30.84,29.76,30.1,28.953461,1930300,534
2021-05-05,29.59,30.469999,29.52,30.379999,29.222795,1372600,535
2021-05-06,30.35,30.49,29.872,30.34,29.242069,1523300,536
2021-05-07,30.33,30.73,30.040001,30.129999,29.039669,926700,537
2021-05-10,30.15,30.469999,29.790001,29.870001,28.789078,1290900,538
2021-05-11,29.629999,29.84,28.799999,29.639999,28.567402,986800,539
2021-05-12,29.549999,29.709999,27.59,27.610001,26.610863,1616500,540
2021-05-13,27.75,28.75,27.309999,27.82,26.813263,1192000,541
2021-05-14,28.030001,29.219999,27.83,29.07,28.018026,1481800,542
2021-05-17,29.1,29.379999,28.59,29.35,28.287897,1038100,543
2021-05-18,29.719999,29.76,28.32,28.34,27.314445,903000,544
2021-05-19,27.84,27.882999,26.969999,27.360001,26.369909,1621100,545
2021-05-20,27.360001,27.469999,26.17,27.24,26.254251,2202500,546
2021-05-21,27.4,27.6,26.969999,27.360001,26.369909,1583100,547
2021-05-24,27.459999,27.780001,27.1,27.530001,26.533758,898600,548
2021-05-25,27.389999,27.75,27.08,27.09,26.10968,1137400,549
2021-05-26,27.52,27.719999,27.030001,27.200001,26.2157,1441000,550
2021-05-27,27.459999,27.6,27.120001,27.290001,26.302443,1204300,551
2021-05-28,27.290001,27.290001,25.92,26.76,25.79162,2341400,552
2021-06-01,26.92,27.629999,26.92,27.51,26.514482,2904700,553
2021-06-02,27.379999,27.575001,26.74,26.959999,25.984383,2022400,554
2021-06-03,26.790001,26.809999,26.219999,26.469999,25.512117,1449300,555
2021-06-04,26.57,26.610001,25.674999,26.08,25.136229,1570100,556
2021-06-07,26.23,26.799999,26.16,26.43,25.473566,1133000,557
2021-06-08,26.389999,27.389999,26.18,27.209999,26.225336,1747900,558
2021-06-09,27.209999,27.35,26.51,26.76,25.79162,1341300,559
2021-06-10,26.940001,27.200001,26.59,26.6,25.637411,866600,560
2021-06-11,26.700001,27.33,26.68,27.25,26.263891,1013600,561
2021-06-14,27.299999,27.424999,26.709999,26.76,25.79162,1209800,562
2021-06-15,26.73,26.889999,26.15,26.65,25.685602,762600,563
2021-06-16,26.629999,26.92,26.02,26.85,25.878366,918500,564
2021-06-17,26.709999,26.889999,25.84,26.23,25.280802,1294900,565
2021-06-18,25.719999,26,24.42,24.58,23.69051,3754800,566
2021-06-21,24.84,25.42,24.76,24.959999,24.056757,2307700,567
2021-06-22,24.84,25.799999,24.26,25.73,24.798895,2184200,568
2021-06-23,25.73,26.43,25.67,25.91,24.972382,1168100,569
2021-06-24,26.17,27.02,26.01,26.879999,25.90728,1411200,570
2021-06-25,27.190001,27.85,27,27.370001,26.379551,3202800,571
2021-06-28,27.360001,27.676001,26.84,27.459999,26.466291,1281800,572
2021-06-29,27.620001,27.9,27.25,27.290001,26.302443,844900,573
2021-06-30,27.299999,27.84,26.99,27.719999,26.716881,962200,574
2021-07-01,27.9,28.049999,27.450001,27.48,26.485563,1370900,575
2021-07-02,27.549999,27.610001,27.17,27.459999,26.466291,585300,576
2021-07-06,28.040001,28.540001,27.530001,28.27,27.246977,2353600,577
2021-07-07,28.110001,28.93,27.459999,28.040001,27.025303,2440700,578
2021-07-08,28.040001,28.25,27.219999,28,26.98675,4343600,579
2021-07-09,29.4,29.790001,27.629999,28.379999,27.352999,7826500,580
2021-07-12,28.4,28.83,27.701,28.719999,27.680695,2291600,581
2021-07-13,28.290001,28.798,27.940001,28.700001,27.661417,1955200,582
2021-07-14,29.48,30.08,28.889999,29.879999,28.798717,4952100,583
2021-07-15,30,30.09,27.98,28.41,27.381912,3516100,584
2021-07-16,28.33,28.629999,27.82,27.93,26.919283,2371400,585
2021-07-19,27,27.4,26.24,26.5,25.541031,3326500,586
2021-07-20,26.48,27.67,26.4,27.379999,26.389185,1644300,587
2021-07-21,27.74,28.24,27.540001,27.809999,26.803625,829100,588
2021-07-22,27.75,27.75,26.879999,26.940001,25.965111,2141500,589
2021-07-23,27.15,27.309999,26.16,26.610001,25.647053,4890300,590
2021-07-26,26.879999,27.584999,26.76,27.16,26.177145,2762200,591
2021-07-27,27.059999,27.1,26.25,26.5,25.541031,1342800,592
2021-07-28,26.809999,27,26.200001,26.530001,25.569946,2090000,593
2021-07-29,26.66,27.639999,26.66,27.459999,26.466291,1644100,594
2021-07-30,27.34,27.93,27,27.52,26.60162,1485900,595
2021-08-02,28.25,29.299999,28.01,28.5,27.548916,3662400,596
2021-08-03,28.690001,28.91,27.884001,28.040001,27.104265,1359100,597
2021-08-04,27.809999,28.030001,27.35,27.4,26.485622,1025700,598
2021-08-05,27.42,27.979,27.42,27.67,26.746613,767000,599
2021-08-06,28.120001,28.6,27.17,27.18,26.272966,2692200,600
2021-08-09,27.110001,27.215,26.379999,26.450001,25.567327,2344800,601
2021-08-10,26.4,27.594999,25.879999,27.32,26.408295,1582400,602
2021-08-11,27.110001,28.67,27,28.58,27.626245,1794600,603
2021-08-12,28.57,29.08,27.969999,28.27,27.32659,1009400,604
2021-08-13,28.110001,28.455,27.870001,28.059999,27.123598,732000,605
2021-08-16,27.870001,27.940001,27.219999,27.780001,26.852942,1063300,606
2021-08-17,27.43,27.65,27.059999,27.639999,26.717611,1211600,607
2021-08-18,27.629999,28.200001,27.27,27.32,26.408295,1326400,608
2021-08-19,26.530001,27.040001,26.129999,26.469999,25.58666,2160500,609
2021-08-20,26.639999,26.745001,25.969999,26.58,25.692989,1173800,610
2021-08-23,26.780001,27.35,26.715,27.09,26.185968,906300,611
2021-08-24,27.059999,27.924999,27.059999,27.66,26.736946,711500,612
2021-08-25,27.6,27.860001,27.27,27.66,26.736946,692400,613
2021-08-26,27.59,27.6,26.6,26.77,25.876648,1086100,614
2021-08-27,26.9,27.205,26.549999,26.870001,25.97331,799600,615
2021-08-30,27.26,27.440001,26.85,26.99,26.089306,1205400,616
2021-08-31,26.91,27.02,26.110001,26.209999,25.335335,1517700,617
2021-09-01,26.66,27.299999,26.35,26.709999,25.818649,1402000,618
2021-09-02,27.01,27.35,26.549999,26.59,25.702656,1217100,619
2021-09-03,26.51,26.610001,26.120001,26.5,25.615658,1015800,620
2021-09-07,26.530001,26.77,26.35,26.620001,25.731657,1201100,621
2021-09-08,26.43,26.620001,26.01,26.459999,25.576992,2026200,622
2021-09-09,26.565001,26.700001,26.200001,26.51,25.625324,1716900,623
2021-09-10,26.65,27.155001,26.450001,26.5,25.615658,1250300,624
2021-09-13,26.73,26.809999,26.337999,26.59,25.702656,1141600,625
2021-09-14,26.440001,26.66,25.85,26.51,25.625324,1780300,626
2021-09-15,26.52,26.639999,26.1,26.379999,25.499662,1657300,627
2021-09-16,26.379999,26.66,25.41,25.59,24.736027,2410600,628
2021-09-17,25.67,25.969999,25.209999,25.389999,24.542702,1923900,629
2021-09-20,25,25.059999,24.1,24.42,23.60507,2086900,630
2021-09-21,24.59,24.77,24.040001,24.35,23.537409,1680900,631
2021-09-22,24.41,24.940001,24.35,24.76,23.933723,1219300,632
2021-09-23,25,25.93,24.9,25.42,24.571701,1320400,633
2021-09-24,25,25.51,24.530001,25.4,24.552366,1791900,634
2021-09-27,25.51,26.299999,25.42,25.84,24.977684,1058300,635
2021-09-28,25.690001,26.01,25.26,25.48,24.629696,1877700,636
2021-09-29,25.92,26.23,25.280001,25.65,24.794024,1268900,637
2021-09-30,25.57,25.57,24.280001,24.51,23.692068,1986300,638
2021-10-01,24.77,25.184999,24.120001,25,24.165714,1941400,639
2021-10-04,25.299999,25.885,25.110001,25.16,24.320374,3443000,640
2021-10-05,25.15,26.059999,24.860001,25.549999,24.697361,3256900,641
2021-10-06,25.48,25.5,23.879999,24.24,23.431076,8388400,642
2021-10-07,25.530001,27,25.530001,26.290001,25.412666,9233500,643
2021-10-08,26.360001,26.42,25.34,25.549999,24.697361,3661400,644
2021-10-11,25.475,25.799999,24.424999,24.48,23.663067,2937900,645
2021-10-12,24.610001,24.75,24.02,24.49,23.672733,2982100,646
2021-10-13,24.6,24.84,24.280001,24.700001,23.875729,1975700,647
2021-10-14,24.870001,25.025,24.5,24.780001,23.953056,2390900,648
2021-10-15,25,25.17,24.719999,24.75,23.924057,1282000,649
2021-10-18,24.52,24.969999,24.290001,24.93,24.098051,1694800,650
2021-10-19,24.889999,25.129999,24.815001,24.879999,24.049719,1353700,651
2021-10-20,25,26.02,24.969999,25.709999,24.852024,2209800,652
2021-10-21,25.639999,26,25.540001,25.74,24.88102,1396300,653
2021-10-22,25.48,26.24,25.48,26.18,25.306337,1169900,654
2021-10-25,26.41,26.629999,26.139999,26.25,25.374001,1417200,655
2021-10-26,26.32,27.105,26.32,26.700001,25.808983,1513500,656
2021-10-27,26.799999,26.84,25.77,25.809999,24.948685,1497500,657
2021-10-28,25.82,26.450001,25.76,26.129999,25.336538,1738700,658
2021-10-29,26.030001,26.440001,26.030001,26.18,25.385019,881900,659
2021-11-01,26.540001,27,26.41,26.790001,25.976494,1346000,660
2021-11-02,26.969999,27.360001,26.51,26.52,25.714697,1372100,661
2021-11-03,26.66,27.65,26.559999,26.860001,26.044373,2071300,662
2021-11-04,26.9,27.280001,26.76,26.98,26.160727,1252900,663
2021-11-05,27.15,27.629999,26.969999,27,26.18012,1464800,664
2021-11-08,27.32,27.49,26.85,27.17,26.344955,1462700,665
2021-11-09,27.02,27.57,27.02,27.559999,26.723114,859900,666
2021-11-10,27.33,27.540001,26.809999,26.99,26.170424,849200,667
2021-11-11,26.99,27.290001,26.940001,27.15,26.325565,908900,668
2021-11-12,27.209999,27.540001,27.17,27.530001,26.694027,747700,669
2021-11-15,27.610001,27.860001,27.059999,27.190001,26.364349,621500,670
2021-11-16,27.190001,27.665001,27.059999,27.57,26.732811,773000,671
2021-11-17,27.68,28,27.559999,27.889999,27.043093,909100,672
2021-11-18,28,28.370001,27.620001,28.26,27.401857,1241800,673
2021-11-19,28.07,28.225,27.41,27.629999,26.790989,1281100,674
2021-11-22,27.799999,28.469999,27.5,28.280001,27.421251,1588600,675
2021-11-23,28.139999,28.620001,27.712999,27.93,27.081881,1503500,676
2021-11-24,27.49,28.299999,27.358,28.190001,27.333984,1229100,677
2021-11-26,27.190001,27.5,26.26,27.200001,26.374046,1645800,678
2021-11-29,27.299999,27.6,26.48,26.51,25.704998,2016800,679
2021-11-30,26.290001,26.389999,25.518999,25.57,24.793541,1759000,680
2021-12-01,26.110001,26.73,24.629999,24.629999,23.882086,1962400,681
2021-12-02,24.940001,25.52,24.809999,25.379999,24.60931,1134500,682
2021-12-03,25.58,25.83,24.91,25.200001,24.434778,1025900,683
2021-12-06,25.57,26.27,25.299999,25.49,24.715971,1240500,684
2021-12-07,25.98,26.290001,25.674999,25.709999,24.929291,1066100,685
2021-12-08,25.6,26.07,25.43,25.98,25.191093,1323200,686
2021-12-09,25.780001,26.059999,25.5,25.51,24.735365,715000,687
2021-12-10,25.620001,25.83,25.09,25.27,24.502653,919300,688
2021-12-13,25.18,25.188999,24.200001,24.540001,23.794819,1351100,689
2021-12-14,24.59,25.049999,24.23,24.389999,23.649374,1655000,690
2021-12-15,24.280001,24.52,23.719999,24.4,23.659071,1099200,691
2021-12-16,24.52,24.889999,24.1,24.18,23.445751,1058400,692
2021-12-17,24,24.450001,23.82,23.959999,23.23243,1471300,693
2021-12-20,23.620001,23.709999,22.52,23.040001,22.34037,2057200,694
2021-12-21,23.360001,24.209999,23.360001,24.030001,23.300306,1239600,695
2021-12-22,24,24.35,23.91,24.16,23.426359,909800,696
2021-12-23,24.34,24.66,24.25,24.620001,23.872391,648200,697
2021-12-27,24.52,24.99,24.52,24.870001,24.114799,857800,698
2021-12-28,24.85,25.139999,24.58,24.610001,23.862694,738600,699
2021-12-29,24.690001,25.24,24.610001,25.030001,24.269941,916400,700
2021-12-30,25.15,25.370001,25.025,25.040001,24.279638,1235200,701
2021-12-31,24.92,25.23,24.77,25.030001,24.269941,1382400,702
2022-01-03,25.209999,25.25,24.6,24.65,23.90148,1010300,703
2022-01-04,24.82,25.040001,24.450001,24.5,23.756035,3404000,704
2022-01-05,24.6,24.764999,23.530001,23.75,23.028809,1844000,705
2022-01-06,23.790001,24.07,23.35,23.75,23.028809,2484900,706
2022-01-07,23.58,23.82,22.889999,23.27,22.563385,1886200,707
2022-01-10,23.030001,23.15,22.48,22.83,22.136747,1775800,708
2022-01-11,22.92,23.290001,22.549999,23.09,22.388849,1792200,709
2022-01-12,23.290001,23.309999,22.719999,22.76,22.068872,904200,710
2022-01-13,22.940001,23.530001,22.84,23.24,22.534296,1254000,711
2022-01-14,22.969999,23.181999,22.76,23.1,22.398544,1539900,712
2022-01-18,22.99,22.99,22.129999,22.25,21.574358,1698100,713
2022-01-19,22.5,22.82,22.15,22.15,21.477394,987000,714
2022-01-20,22.32,22.450001,21.26,21.27,20.624117,1405700,715
2022-01-21,21.02,21.924999,21.01,21.35,20.701689,1427800,716
2022-01-24,20.76,21.790001,20.4,21.790001,21.128328,2558600,717
2022-01-25,21.209999,21.620001,20.68,21,20.362314,1932100,718
2022-01-26,21.41,21.59,20.18,20.32,19.702965,2921800,719
2022-01-27,22.290001,23.799999,21.84,22.02,21.351343,7412500,720
2022-01-28,21.809999,21.945,21.280001,21.92,21.254377,3164800,721
2022-01-31,21.719999,21.950001,21.26,21.93,21.264074,2189200,722
2022-02-01,22.219999,23.01,21.870001,22.959999,22.262796,1753900,723
2022-02-02,23.120001,23.32,22.669001,23.18,22.476116,1550200,724
2022-02-03,22.875,23.360001,22.25,22.34,21.661625,1466400,725
2022-02-04,22.32,22.629999,21.995001,22.48,21.797373,1621700,726
2022-02-07,22.48,22.773001,22.389999,22.66,21.971907,1196800,727
2022-02-08,22.504999,23.469999,22.370001,23.42,22.80949,1217100,728
2022-02-09,23.59,24.075001,23.51,23.860001,23.23802,1042200,729
2022-02-10,23.24,24.219999,23.221001,23.440001,22.828966,1575100,730
2022-02-11,23.280001,23.445,22.26,22.530001,21.94269,1347400,731
2022-02-14,22.57,22.85,22.065001,22.209999,21.631029,944400,732
2022-02-15,22.450001,22.879999,22.434999,22.68,22.088779,827800,733
2022-02-16,22.690001,22.83,22.423,22.719999,22.127735,878300,734
2022-02-17,22.49,22.719999,21.76,21.76,21.192762,1451800,735
2022-02-18,21.66,22.360001,21.66,22.02,21.445986,1142400,736
2022-02-22,21.58,22.49,21.5,21.950001,21.377808,901800,737
2022-02-23,22.08,22.08,21.49,21.629999,21.066151,974900,738
2022-02-24,21.040001,22.139999,20.790001,22.09,21.514162,1105300,739
2022-02-25,22.290001,22.919001,22.129999,22.83,22.234867,1211600,740
2022-02-28,22.41,22.93,22.299999,22.65,22.059563,1195700,741
2022-03-01,22.700001,22.719999,20.76,21.040001,20.491531,2061900,742
2022-03-02,21.16,21.889999,20.799999,21.620001,21.056412,2057200,743
2022-03-03,21.65,21.75,20.877001,21,20.452574,1082000,744
2022-03-04,20.639999,20.77,19.355,19.629999,19.118286,2941200,745
2022-03-07,19.530001,19.59,17.726999,17.98,17.511299,3849800,746
2022-03-08,17.959999,18.530001,17.34,18.049999,17.579473,2911600,747
2022-03-09,18.77,19.190001,18.74,18.860001,18.368361,2587200,748
2022-03-10,18.42,18.9,18.280001,18.43,17.94957,1206300,749
2022-03-11,18.719999,18.84,18.209999,18.219999,17.745041,974800,750
2022-03-14,18.41,18.950001,18.135,18.219999,17.745041,1908600,751
2022-03-15,18.200001,18.99,18.17,18.6,18.115137,1612600,752
2022-03-16,18.98,20.17,18.98,20.08,19.556557,1906700,753
2022-03-17,19.9,20.59,19.809999,20.49,19.955868,1636900,754
2022-03-18,20.43,21.190001,20.34,21.190001,20.637621,2132600,755
2022-03-21,21.25,21.41,20.299999,20.5,19.965611,1696500,756
2022-03-22,20.84,21.09,20.549999,20.76,20.21883,1134900,757
2022-03-23,20.530001,20.65,19.99,20.129999,19.605251,1357300,758
2022-03-24,20.27,20.57,20.200001,20.299999,19.770821,1028300,759
2022-03-25,20.41,20.610001,20.02,20.219999,19.692905,937200,760
2022-03-28,20.110001,20.32,19.9,20.26,19.731863,935700,761
2022-03-29,20.75,21.42,20.681,21.35,20.793451,1405500,762
2022-03-30,21.27,21.337999,20.5,20.59,20.053263,1321100,763
2022-03-31,20.35,20.48,19.67,19.76,19.244898,1999600,764
2022-04-01,19.950001,20.16,19.622,19.83,19.313074,1388000,765
2022-04-04,19.84,20.49,19.76,20.370001,19.838999,1822100,766
2022-04-05,20.030001,20.5,19.6,19.709999,19.196199,2292700,767
2022-04-06,19.24,19.610001,18.530001,19.41,18.904022,5293500,768
2022-04-07,19.4,19.77,18.049999,19.27,18.767672,5501500,769
2022-04-08,19.16,19.370001,18.610001,18.790001,18.300184,2151100,770
2022-04-11,18.73,19.33,18.49,18.860001,18.368361,2517400,771
2022-04-12,19,19.290001,18.73,18.75,18.261229,1272400,772
2022-04-13,18.75,19.26,18.75,19.07,18.572886,1598400,773
2022-04-14,19.16,19.389999,18.860001,19.129999,18.631319,1791600,774
2022-04-18,19.07,19.290001,18.73,18.799999,18.309923,1518300,775
2022-04-19,18.85,19.889999,18.85,19.66,19.147505,2062900,776
2022-04-20,19.9,20.040001,19.450001,19.84,19.322813,1668000,777
2022-04-21,20.219999,20.43,19.575001,19.780001,19.264376,1413300,778
2022-04-22,19.540001,19.6,19.01,19.09,18.592361,1331300,779
2022-04-25,18.83,19.25,18.65,19.24,18.738451,1329900,780
2022-04-26,19.01,19.15,18.42,18.59,18.105398,2081900,781
2022-04-27,18.389999,18.790001,18.129999,18.190001,17.715826,1749500,782
2022-04-28,18.49,19.045,18.120001,18.85,18.35862,1532800,783
2022-04-29,18.690001,18.940001,18.055,18.110001,17.637911,1624800,784
2022-05-02,18.219999,18.85,18.139999,18.75,18.261229,1534600,785
2022-05-03,18.65,18.9,18.4,18.6,18.115137,1397400,786
2022-05-04,18.780001,19,18.159,18.98,18.485228,2230600,787
2022-05-05,18.68,18.940001,18.040001,18.25,17.868402,2242500,788
2022-05-06,18.01,18.110001,17.429001,17.799999,17.427813,1750500,789
2022-05-09,17.5,17.91,17.219999,17.25,16.889313,1378700,790
2022-05-10,17.559999,17.700001,16.66,17.09,16.732658,1586400,791
2022-05-11,17.280001,17.33,16.469999,16.51,16.164785,1276700,792
2022-05-12,16.379999,17.26,16.34,17.049999,16.693493,1567100,793
2022-05-13,17.219999,17.620001,17.200001,17.41,17.045969,1521000,794
2022-05-16,17.48,17.67,17.1,17.540001,17.17325,968500,795
2022-05-17,17.93,18.309999,17.559999,17.610001,17.241787,1549200,796
2022-05-18,16.969999,17.02,16.415001,16.780001,16.42914,2322700,797
2022-05-19,16.690001,16.799999,16.17,16.389999,16.047297,1658300,798
2022-05-20,16.59,16.629999,15.76,16.26,15.920013,1442500,799
2022-05-23,16.309999,16.58,15.99,16.52,16.174576,1189400,800
2022-05-24,16.190001,16.469999,15.84,16.379999,16.037502,1615700,801
2022-05-25,16.26,17.360001,16.26,17.190001,16.830566,3167600,802
2022-05-26,17.530001,18.139999,17.530001,17.879999,17.506138,2339800,803
2022-05-27,18.129999,18.469999,17.959999,18.440001,18.054432,1888600,804
2022-05-31,18.32,18.440001,17.965,18.16,17.780285,1538800,805
2022-06-01,18.360001,18.98,17.879999,18.370001,17.985895,2499100,806
2022-06-02,18.6,19.385,18.57,19.09,18.69084,2209900,807
2022-06-03,18.83,19.07,18.59,19.02,18.622303,1180700,808
2022-06-06,19.18,19.25,18.91,19.17,18.769169,1037500,809
2022-06-07,18.719999,19.25,18.66,19.18,18.778957,956900,810
2022-06-08,18.92,19.35,18.790001,19.08,18.681049,1277700,811
2022-06-09,18.9,18.99,18.530001,18.66,18.269831,1149100,812
2022-06-10,18.25,18.51,17.91,18,17.623631,2535300,813
2022-06-13,17.459999,17.76,16.709999,17.110001,16.752241,2858400,814
2022-06-14,17.209999,17.469,17.01,17.32,16.957848,1463500,815
2022-06-15,17.610001,17.74,17.16,17.24,16.879522,1269300,816
2022-06-16,16.809999,16.92,15.87,16.16,15.822104,1575100,817
2022-06-17,16.09,16.690001,16.040001,16.549999,16.203949,1313200,818
2022-06-21,17,17.24,16.697001,16.82,16.468304,1031700,819
2022-06-22,16.540001,16.870001,16.52,16.59,16.243113,923000,820
2022-06-23,16.610001,16.9,16.440001,16.74,16.389978,931100,821
2022-06-24,16.9,17.403999,16.9,17.309999,16.948059,1117900,822
2022-06-27,17.41,17.59,17.02,17.030001,16.673914,1182800,823
2022-06-28,17.190001,17.74,16.75,16.799999,16.448721,1541100,824
2022-06-29,16.790001,16.83,16.34,16.629999,16.282276,1672600,825
2022-06-30,16.530001,16.65,16.209999,16.32,15.978757,1217000,826
2022-07-01,16.24,16.545,15.87,16.01,15.675241,1603800,827
2022-07-05,15.75,16.26,15.65,16.25,15.910222,2054600,828
2022-07-06,16.280001,16.4,15.615,15.8,15.469632,2246600,829
2022-07-07,15.86,16.43,15.85,16.41,16.066875,6500200,830
2022-07-08,17.299999,17.5,16.280001,16.58,16.233322,12607100,831
2022-07-11,16.450001,17.08,16.33,16.889999,16.53684,4426900,832
2022-07-12,16.799999,17.129999,16.719999,16.85,16.497679,2447000,833
2022-07-13,16.700001,17.01,16.51,16.84,16.487885,2595700,834
2022-07-14,16.639999,17.09,16.534,17.059999,16.703285,2470600,835
2022-07-15,17.200001,17.485001,16.93,17.43,17.06555,2121300,836
2022-07-18,17.530001,18.08,17.389999,17.75,17.378857,2065900,837
2022-07-19,18,18.495001,18,18.290001,17.907568,1974100,838
2022-07-20,18.370001,19,18.349001,18.91,18.514603,2145900,839
2022-07-21,18.68,19.219999,18.469999,19.200001,18.79854,1660900,840
2022-07-22,19.379999,19.450001,19.143999,19.4,18.994356,1500000,841
2022-07-25,19.49,19.49,18.98,19.1,18.700632,1620800,842
2022-07-26,18.49,18.5,17.57,17.73,17.359276,2769400,843
2022-07-27,17.870001,18.33,17.65,18.26,17.878195,1666200,844
2022-07-28,18.26,18.74,18.24,18.700001,18.308994,975700,845
2022-07-29,18.73,18.940001,18.52,18.92,18.644033,1211800,846
2022-08-01,18.85,19.219999,18.599001,19.120001,18.84112,858200,847
2022-08-02,19.09,19.09,18.77,18.85,18.575056,1303100,848
2022-08-03,19.059999,19.450001,18.959999,19.379999,19.097326,1557200,849
2022-08-04,19.139999,19.440001,19.110001,19.360001,19.077618,1453600,850
2022-08-05,19.030001,19.309999,19.014999,19.08,18.801702,1576000,851
2022-08-08,19.200001,19.73,19.200001,19.459999,19.176157,1079100,852
2022-08-09,19.379999,19.42,18.268999,18.4,18.131618,1871100,853
2022-08-10,18.84,19.48,18.799999,19.280001,18.998785,1713500,854
2022-08-11,19.5,19.73,19.290001,19.52,19.235283,1315100,855
2022-08-12,19.58,19.66,19.280001,19.530001,19.245138,860900,856
2022-08-15,19.42,19.67,19.219999,19.530001,19.245138,1339500,857
2022-08-16,19.58,20.49,19.58,20.23,19.934927,1862200,858
2022-08-17,19.959999,20.02,19.355,19.51,19.22543,1633300,859
2022-08-18,19.27,19.59,19.045,19.27,18.98893,1707900,860
2022-08-19,19.139999,19.25,18.799999,19.02,18.742577,1034300,861
2022-08-22,18.629999,18.799999,18.280001,18.4,18.131618,1510000,862
2022-08-23,18.5,18.879999,18.450001,18.49,18.220306,910500,863
2022-08-24,18.559999,18.690001,18.27,18.540001,18.269579,749700,864
2022-08-25,18.540001,19.135,18.48,18.93,18.653891,690100,865
2022-08-26,19.01,19.09,18.110001,18.120001,17.855703,953500,866
2022-08-29,17.709999,18.190001,17.57,17.709999,17.451681,1627100,867
2022-08-30,17.870001,17.98,17.41,17.459999,17.20533,1298900,868
2022-08-31,17.559999,17.66,16.719999,16.889999,16.643644,2875900,869
2022-09-01,16.82,17.264999,16.620001,17.219999,16.96883,2153700,870
2022-09-02,17.370001,17.74,17.219999,17.709999,17.451681,2249800,871
2022-09-06,17.780001,18.09,17.209999,17.309999,17.057518,1454500,872
2022-09-07,17.360001,17.76,17.360001,17.440001,17.185623,2368000,873
2022-09-08,17.18,17.190001,16.77,16.85,16.604229,2744100,874
2022-09-09,17.049999,17.709999,16.91,17.51,17.254601,2252100,875
2022-09-12,17.66,18.389999,17.66,18.35,18.08235,1898400,876
2022-09-13,17.610001,17.85,17.360001,17.370001,17.116644,1817300,877
2022-09-14,17.450001,17.495001,17.059999,17.32,17.067371,1101000,878
2022-09-15,17.200001,17.66,17.129999,17.42,17.165915,1393500,879
2022-09-16,17.209999,17.645,17.129999,17.620001,17.362997,2101600,880
2022-09-19,17.43,17.950001,17.43,17.76,17.500956,1545700,881
2022-09-20,17.440001,17.700001,16.940001,17.059999,16.811163,1983800,882
2022-09-21,17.27,17.67,17.09,17.1,16.85058,1453800,883
2022-09-22,17.17,17.200001,16.514999,16.549999,16.308603,1795300,884
2022-09-23,16.299999,16.57,16.263,16.49,16.249477,2220200,885
2022-09-26,16.42,16.844999,16.02,16.030001,15.796189,2065300,886
2022-09-27,16.16,16.349001,15.75,15.94,15.7075,2075500,887
2022-09-28,16.09,16.32,15.96,16.23,15.99327,2313400,888
2022-09-29,15.97,15.97,15.34,15.54,15.313335,3534900,889
2022-09-30,15.1,15.18,14.43,14.47,14.258943,5858300,890
2022-10-03,14.75,15.64,14.425,15.58,15.352752,4429100,891
2022-10-04,15.97,16.6,15.97,16.58,16.338165,3959100,892
2022-10-05,16.25,16.85,16.101999,16.58,16.338165,3157600,893
2022-10-06,16.440001,16.620001,15.86,15.93,15.697647,5994600,894
2022-10-07,14.84,15.143,13.67,14.07,13.864777,10277300,895
2022-10-10,14.17,14.38,13.66,14.32,14.11113,4045100,896
2022-10-11,14.18,14.76,14.005,14.44,14.22938,3316900,897
2022-10-12,14.5,14.608,14.21,14.41,14.199817,2477900,898
2022-10-13,13.86,14.91,13.57,14.48,14.268796,2668800,899
2022-10-14,14.7,14.79,14.245,14.34,14.130838,1645400,900
2022-10-17,14.67,14.8,14.53,14.59,14.377192,2079800,901
2022-10-18,14.96,15.17,14.44,14.54,14.327921,2244400,902
2022-10-19,14.31,14.45,14.08,14.22,14.012589,1851500,903
2022-10-20,14.21,14.57,13.92,14.07,13.864777,1533600,904
2022-10-21,14,14.32,13.92,14.21,14.002734,1469600,905
2022-10-24,14.25,14.35,13.96,14.29,14.081568,1907500,906
2022-10-25,14.39,15.21,14.35,15.16,14.938877,2629300,907
2022-10-26,15.03,15.655,14.86,15.12,14.899462,1624600,908
2022-10-27,15.27,15.5,15.05,15.12,14.899462,1590900,909
2022-10-28,15.12,15.31,14.81,15.21,14.988149,1856600,910
2022-10-31,15.08,15.185,14.935,14.96,14.741795,1782700,911
2022-11-01,15.28,15.48,15.03,15.18,14.958586,1827700,912
2022-11-02,15.13,15.18,14.79,14.79,14.574274,2356000,913
2022-11-03,14.54,15.34,14.47,14.87,14.772969,2077000,914
2022-11-04,15.24,15.42,14.97,15.27,15.17036,1419800,915
2022-11-07,15.44,15.44,15,15.34,15.239902,1072800,916
2022-11-08,15.46,15.48,14.61,14.86,14.763034,3314100,917
2022-11-09,14.63,14.94,14.37,14.51,14.415318,2517200,918
2022-11-10,15.15,15.495,14.94,15.44,15.33925,2728100,919
2022-11-11,15.5,16.459999,15.46,16.32,16.213507,2415400,920
2022-11-14,16.1,16.344999,15.922,15.97,15.865791,1814400,921
2022-11-15,16.32,16.77,16.280001,16.379999,16.273115,2070200,922
2022-11-16,15.95,15.95,15.21,15.69,15.587618,2359100,923
2022-11-17,15.46,15.57,15.17,15.57,15.468401,3030000,924
2022-11-18,15.95,16.01,15.665,15.75,15.647227,1388800,925
2022-11-21,15.66,15.77,15.265,15.72,15.617423,1352800,926
2022-11-22,15.94,16.200001,15.84,16.129999,16.024746,1699500,927
2022-11-23,15.98,16.15,15.8,16.08,15.975074,2388300,928
2022-11-25,16.1,16.23,16.02,16.110001,16.004879,597700,929
2022-11-28,15.88,16.23,15.88,16.07,15.965138,1727700,930
2022-11-29,16,16.309999,15.85,16.16,16.054552,2384400,931
2022-11-30,16.33,16.530001,15.83,16.530001,16.422138,1811000,932
2022-12-01,16.58,16.919001,16.440001,16.52,16.412203,1132100,933
2022-12-02,16.309999,17.059999,16.257999,17.02,16.908939,2035000,934
2022-12-05,16.809999,16.860001,16.254999,16.4,16.292986,2491600,935
2022-12-06,16.4,16.65,16.25,16.290001,16.183704,2063200,936
2022-12-07,16.200001,16.610001,16.059999,16.41,16.302919,1478500,937
2022-12-08,16.440001,16.915001,16.440001,16.83,16.720179,1669100,938
2022-12-09,16.700001,16.799999,16.379999,16.389999,16.283051,1293100,939
2022-12-12,16.139999,17,16.120001,16.99,16.879135,2218000,940
2022-12-13,17.469999,17.639999,16.540001,16.82,16.710245,2621200,941
2022-12-14,16.92,16.950001,16.459999,16.77,16.660572,1512600,942
2022-12-15,16.41,16.549999,16,16.02,15.915465,2163800,943
2022-12-16,15.8,16.049999,15.73,15.88,15.776379,2098100,944
2022-12-19,15.75,15.83,15.53,15.76,15.657162,1181500,945
2022-12-20,15.68,15.8,15.35,15.45,15.349184,1651900,946
2022-12-21,15.94,16.120001,15.32,15.32,15.220033,1653500,947
2022-12-22,15,15.48,14.89,15.43,15.329315,1669600,948
2022-12-23,15.43,15.48,15.21,15.48,15.378988,928100,949
2022-12-27,15.5,15.59,15.34,15.47,15.369054,627700,950
2022-12-28,15.49,15.62,15.145,15.37,15.269707,1546800,951
2022-12-29,15.43,15.69,15.43,15.63,15.52801,1175300,952
2022-12-30,15.43,15.625,15.3,15.52,15.418728,907600,953
2023-01-03,15.77,15.78,15.37,15.56,15.458467,1328900,954
2023-01-04,15.78,16.485001,15.62,16.469999,16.362528,2128100,955
2023-01-05,16.24,16.59,16.049999,16.309999,16.203571,1367600,956
2023-01-06,16.4,16.629999,16.315001,16.52,16.412203,1244000,957
2023-01-09,16.52,16.875,16.295,16.84,16.730114,1420900,958
2023-01-10,16.83,17.110001,16.540001,17.1,16.988419,1110600,959
2023-01-11,16.5,16.830999,16.26,16.799999,16.690374,2692000,960
2023-01-12,16.9,16.9,16.575001,16.65,16.541353,1427900,961
2023-01-13,16.469999,16.690001,16.23,16.540001,16.432074,1744500,962
2023-01-17,16.5,16.5,16.1,16.280001,16.173769,2178800,963
2023-01-18,15.9,16.370001,15.85,16.219999,16.114159,2466800,964
2023-01-19,16.18,16.209999,15.79,15.92,15.816117,1736000,965
2023-01-20,16.110001,16.514999,15.9,16.35,16.243313,2824400,966
2023-01-23,16.18,17.040001,16.120001,16.82,16.710245,3034600,967
2023-01-24,17,17,16.610001,16.719999,16.610897,2529500,968
2023-01-25,16.549999,16.76,16.139999,16.5,16.392332,4106400,969
2023-01-26,17.790001,17.85,16.83,17.73,17.614305,5656700,970
2023-01-27,17.719999,18.135,17.57,17.790001,17.673916,3406700,971
2023-01-30,17.59,18.094999,17.563,17.780001,17.66398,2287800,972
2023-01-31,17.9,18.469999,17.9,18.4,18.279934,2571200,973
2023-02-01,18.450001,18.959999,18.285,18.879999,18.756802,2613000,974
2023-02-02,18.889999,19.290001,18.885,19.129999,19.005171,2271700,975
2023-02-03,18.790001,19.355,18.639999,19.049999,18.925694,1941400,976
2023-02-06,18.77,18.959999,18.215,18.389999,18.27,2740300,977
2023-02-07,18.219999,18.42,17.969999,18.27,18.27,1409600,978
2023-02-08,17.91,18.075001,17.48,17.65,17.65,2537500,979
2023-02-09,17.85,18.33,17.799999,17.959999,17.959999,1906700,980